{
  "tasks": [
    {
      "id": 3,
      "title": "Ersten Prototyp mit Angular 2.0 entwickeln",
      "description": "Der Prototyp soll zeigen, wie Routing und HTTP-Anbindung umgesetzt werden können.",
      "tags": [],
      "state": "IN_PROGRESS",
      "assignee": {
        "name": "Christoph Höller",
        "email": ""
      }
    },
    {
      "id": 4,
      "title": "Präsentation vorbereiten...",
      "description": "Nicht länger als 15 Minuten... ",
      "tags": [],
      "assignee": {
        "name": "John Doe",
        "email": "john@doe.com"
      },
      "state": "BACKLOG"
    },
    {
      "title": "Test der Websocket-Funktionalität",
      "description": "Mit Hilfe der Websocket-Funktionalität soll es möglich sein, die Task-Daten über alle Browserfenster hinweg synchron zu halten.",
      "tags": [],
      "assignee": {},
      "id": 5,
      "state": "IN_PROGRESS"
    }
  ]
}